{"cameraMode":{"drawMode":0,"name":"Shaded","section":"Shading Mode"},"sceneLighting":false,"audioPlay":false,"sceneViewState":{"showFog":true,"showMaterialUpdate":false,"showSkybox":false,"showFlares":true,"showImageEffects":true,"showParticleSystems":true},"in2DMode":false,"pivot":{"x":79.30755615234375,"y":11.247859001159668,"z":122.44554138183594},"rotation":{"x":-0.1861698478460312,"y":0.6040332317352295,"z":-0.1478009968996048,"w":-0.7607086300849915},"size":31.515060424804689,"orthographic":false}