{"cameraMode":{"drawMode":0,"name":"Shaded","section":"Shading Mode"},"sceneLighting":false,"audioPlay":false,"sceneViewState":{"showFog":true,"showMaterialUpdate":false,"showSkybox":false,"showFlares":true,"showImageEffects":true,"showParticleSystems":true},"in2DMode":false,"pivot":{"x":0.06165793538093567,"y":0.9948974847793579,"z":-0.10345566272735596},"rotation":{"x":-0.09803653508424759,"y":-0.8984382152557373,"z":0.2576844096183777,"w":-0.3418676555156708},"size":7.172023773193359,"orthographic":false}