{"cameraMode":{"drawMode":0,"name":"Shaded","section":"Shading Mode"},"sceneLighting":false,"audioPlay":false,"sceneViewState":{"showFog":false,"showMaterialUpdate":false,"showSkybox":false,"showFlares":false,"showImageEffects":false,"showParticleSystems":false},"in2DMode":false,"pivot":{"x":229.85389709472657,"y":9.017291069030762,"z":235.34561157226563},"rotation":{"x":0.18321305513381959,"y":0.6633896827697754,"z":-0.17256982624530793,"w":0.7048137187957764},"size":24.307050704956056,"orthographic":false}