{"cameraMode":{"drawMode":0,"name":"Shaded","section":"Shading Mode"},"sceneLighting":true,"audioPlay":false,"sceneViewState":{"showFog":false,"showMaterialUpdate":false,"showSkybox":false,"showFlares":false,"showImageEffects":false,"showParticleSystems":false},"in2DMode":false,"pivot":{"x":229.8035430908203,"y":143.48880004882813,"z":141.43997192382813},"rotation":{"x":-0.019565440714359285,"y":0.8476918339729309,"z":0.5239787101745606,"w":0.08056332170963288},"size":135.85879516601563,"orthographic":false}