{"cameraMode":{"drawMode":0,"name":"Shaded","section":"Shading Mode"},"sceneLighting":false,"audioPlay":false,"sceneViewState":{"showFog":false,"showMaterialUpdate":false,"showSkybox":false,"showFlares":false,"showImageEffects":false,"showParticleSystems":false},"in2DMode":false,"pivot":{"x":223.5137176513672,"y":13.148383140563965,"z":190.9807891845703},"rotation":{"x":-0.25073856115341189,"y":0.531909704208374,"z":-0.16852575540542603,"w":-0.7911092638969421},"size":9.012612342834473,"orthographic":false}