{"cameraMode":{"drawMode":0,"name":"Shaded","section":"Shading Mode"},"sceneLighting":false,"audioPlay":false,"sceneViewState":{"showFog":true,"showMaterialUpdate":false,"showSkybox":false,"showFlares":true,"showImageEffects":true,"showParticleSystems":true},"in2DMode":false,"pivot":{"x":263.8750305175781,"y":44.59608840942383,"z":34.57646942138672},"rotation":{"x":-0.027884693816304208,"y":-0.026693938300013543,"z":0.0007621044060215354,"w":-0.9992689490318298},"size":4.5602030754089359,"orthographic":false}