{"cameraMode":{"drawMode":0,"name":"Shaded","section":"Shading Mode"},"sceneLighting":false,"audioPlay":false,"sceneViewState":{"showFog":false,"showMaterialUpdate":false,"showSkybox":false,"showFlares":false,"showImageEffects":false,"showParticleSystems":false},"in2DMode":false,"pivot":{"x":341.8544921875,"y":11.786649703979493,"z":238.50119018554688},"rotation":{"x":0.3167119026184082,"y":0.6349090933799744,"z":-0.32053500413894656,"w":0.6277213096618652},"size":31.4670352935791,"orthographic":false}