{"cameraMode":{"drawMode":0,"name":"Shaded","section":"Shading Mode"},"sceneLighting":false,"audioPlay":false,"sceneViewState":{"showFog":false,"showMaterialUpdate":false,"showSkybox":false,"showFlares":false,"showImageEffects":false,"showParticleSystems":false},"in2DMode":false,"pivot":{"x":275.6427307128906,"y":9.205546379089356,"z":203.42269897460938},"rotation":{"x":0.08959600329399109,"y":-0.6567057371139526,"z":0.07896848022937775,"w":0.7448084950447083},"size":2.8578836917877199,"orthographic":false}